{"sac_sac/actor_loss":-52039.7734375,"grpo_train/entropy":1.9101300239562988,"train/advantages_std":0.13447943329811096,"accuracy/model_accuracy":0.1875,"grpo_accuracy/fourgram_accuracy":0.625,"sac_sac/alpha_loss":-443263.4375,"accuracy/trigram_accuracy":0.46875,"reward/max_reward":0.1369469773725093,"sac_surgery/action_magnitude":0.0005159758147783577,"sac/critic_loss":5.305935872e+09,"train/policy_loss":-2.2313232421875,"reward/mean_reward":0.5845437157133788,"sac_surgery/reward_improvement":-0.052462770942932266,"samples/generated_text":"!Ji5,EFYh6tooooteiaasrhihshots","confidence/calibration_error":0.07317321002483368,"sac/alpha":0.19409596995347964,"surgery/evaluation_method":"SurgicalTheater: 133x more efficient than naive approaches","_step":1019,"grpo_reward/min_reward":0.00015077552234288305,"sac_sac/critic_loss":5.158070272e+09,"train/total_loss":-52042.335564136505,"sac_reward/mean_reward":0.04753722905706774,"surgery/memory_efficiency":"98% lighter than TempModel approach","grpo_confidence/mean_confidence":0.1609155237674713,"surgery/reward_std":0.026881489251609793,"_wandb":{"runtime":1864},"sac_sac/buffer_size":10000,"sac_surgery/reward_std":0.020805853921865475,"accuracy/bigram_accuracy":0.28125,"surgery/reward_improvement":-0.047387322589535666,"sac/actor_loss":-52313.859375,"_runtime":1864.862889712,"sac/buffer_size":9568,"grpo_accuracy/model_accuracy":0.375,"grpo_train/total_loss":-2.562126636505127,"sac/alpha_loss":-440530.53125,"sac_reward/min_reward":0.007751937984496124,"confidence/mean_confidence":0.11432678997516632,"sac_surgery/evaluation_method":"SurgicalTheater: 133x more efficient than naive approaches","train/entropy":1.89426851272583,"grpo_confidence/calibration_error":0.2140844762325287,"_timestamp":1.7498233898080704e+09,"grpo_train/policy_loss":-2.543025255203247,"reward/min_reward":0,"grpo_reward/max_reward":1.2652277946472168,"grpo_train/advantages_mean":-5.15809450707394e-10,"sac_train/total_loss":0,"grpo_train/advantages_std":0.1385345757007599,"grpo_accuracy/trigram_accuracy":0.59375,"train/entropy_loss":-0.018942683935165405,"sac_sac/alpha":0.19213954294413324,"grpo_accuracy/bigram_accuracy":0.40625,"train/iteration":999,"sac_reward/max_reward":0.0942942942942943,"accuracy/fourgram_accuracy":0.53125,"surgery/action_magnitude":0.0005159032298251987,"sac_surgery/memory_efficiency":"98% lighter than TempModel approach","grpo_train/entropy_loss":-0.019101299345493317,"train/learning_rate":2.9999999999999997e-05,"phase/current_phase":3,"train/advantages_mean":-2.2924863396500683e-10,"grpo_reward/mean_reward":1.12155020236969}